{"cameraMode":{"drawMode":0,"name":"Shaded","section":"Shading Mode"},"sceneLighting":false,"audioPlay":false,"sceneViewState":{"showFog":true,"showMaterialUpdate":false,"showSkybox":false,"showFlares":true,"showImageEffects":true,"showParticleSystems":true,"showVisualEffectGraphs":true,"m_FxEnabled":true},"in2DMode":false,"pivot":{"x":0.08014325797557831,"y":0.18326230347156526,"z":-0.19932684302330018},"rotation":{"x":-0.0031980806961655618,"y":0.996532678604126,"z":-0.06917992234230042,"w":-0.04607194662094116},"size":0.18668919801712037,"orthographic":false}