{"cameraMode":{"drawMode":0,"name":"Shaded","section":"Shading Mode"},"sceneLighting":true,"audioPlay":false,"sceneViewState":{"showFog":true,"showMaterialUpdate":false,"showSkybox":true,"showFlares":true,"showImageEffects":true,"showParticleSystems":true,"showVisualEffectGraphs":true,"m_FxEnabled":true},"in2DMode":false,"pivot":{"x":0.2635123133659363,"y":-3.6680450439453127,"z":-0.02670098841190338},"rotation":{"x":0.12886697053909303,"y":-0.033863525837659839,"z":0.004516241140663624,"w":0.9910445213317871},"size":1.5095150470733643,"orthographic":false}